Potência,Concessionária,Cliente,Nome do Projeto,2026-01-01 00:00:00,2026-02-01 00:00:00,2026-03-01 00:00:00,2026-04-01 00:00:00,2026-05-01 00:00:00,2026-06-01 00:00:00,2026-07-01 00:00:00,2026-08-01 00:00:00,2026-09-01 00:00:00,2026-10-01 00:00:00,2026-11-01 00:00:00,2026-12-01 00:00:00,Total,,Forecast 5+7,V3,Dif MWh,Produção Específica (MWh/MWp/ano)
2.681,AmE,TELMO,Ipê 04,378.25,357.87,354.6,369.52,391.45,423.95,465.45,487.07,435.02,418.91,387.23,338.28,4807.599999999999,,4979.5,4979.5,0.035755886513021196,1793.2114882506526
1.898,AmE,TELCO,Ipê 06,290.86,269.75,291.43,255.33,282.8,310,354.81,369.9,340.41,339.31,289.48,280.79,3674.87,,3714.8500000000004,3733.3999999999996,0.01087929641048535,1936.1801896733405
3.4775,AmE,TELMO,Ipê 07-I,442.09,394.42,405.55,431.31,440.81,468.35,495.53,586.11,547.17,521.52,473.99,403.38,5610.229999999999,,5809.95,6141.200000000001,0.03559925350654103,1613.2940330697336
3.4775,AmE,TELMO,Ipê 07-II,446.88,388.9,449.22,439.46,431.23,528.99,549.98,619.01,564.59,569.23,479.8,438.31,5905.6,,5901.72,6210,-0.0006570035220807569,1698.2314881380303
1.266,AmE,TELCO,Ipê 09,191.92,179.05,183.41,169.74,154.36,186.13,203.41,235.47,228.4,228.86,199.16,188.97,2348.88,,2381.52,2422.29,0.013895984469193712,1855.3554502369668
1.3312,COPEL,TELMO,Vale Verde I,223.85,218.98,240.62,210.52,182.9,160.91,182.59,220.96,218.11,235.94,219.75,251.79,2566.92,,2583.7,2670.9999999999995,0.006537017125582301,1928.2752403846155
1.3312,COPEL,TELMO,Vale Verde II,228.13,217.6,248.77,195.98,185.4,163.85,182.84,220.48,218.71,235.24,250.7,220.95,2568.6499999999996,,2587.84,2677.08,0.007470850446732902,1929.5748197115383
1.3312,COPEL,TELMO,Vale Verde III,225.17,214.26,225.86,206.71,178.59,157.66,167.93,198.86,213.03,218.49,247.03,246.62,2500.21,,2521.8200000000006,2615.34,0.008643273964987097,1878.162560096154
1.3312,COPEL,TELMO,Vale Verde IV,224.87,214.15,243.8,207.17,154.46,157.78,179.19,215.28,213.57,213.76,246.79,225.42,2496.24,,2529.42,2615.67,0.013291991154696703,1875.1802884615383
1.3312,COPEL,TELMO,Vale Verde V,224.35,213.36,241.88,205.55,162.88,156.95,165.57,213.84,211.85,229.93,245.52,221.01,2492.6899999999996,,2509.25,2600.81,0.006643425375798984,1872.5135216346152
3.08,COPEL,ALPHAEN,Aurora,597.84,548.26,592.73,512.42,406,367.84,424.17,519.41,531.47,581.72,522.86,648.79,6253.51,,6445.8,6445.8,0.030749131287868714,2030.3603896103896
1.339,ETO,TELMO,Falcão 05,204.29,181.84,198.92,185.76,239.71,254.1,268.66,282.87,251.1,233.17,209.63,208.16,2718.21,,2795.1,2795.1,0.02828699769333487,2030.0298730395818
6.206,EMS,OPERON,Buriti,1033.4,1078.6,1172.9,1094.1,998.95,924.48,938.65,1120.3,1125.9,1202,1159.4,1191.4,13040.079999999998,,13027.64,13505.569999999996,-0.0009539818774116915,2101.2052852078627
6.206,EMS,NEXUS,Quartzo,1066.6,1122.8,1170.8,1010.9,1017.9,928.88,958.91,1183.2,1080.5,1181.7,1194.1,1208.6,13124.890000000001,,13048.839999999998,13477.179999999998,-0.005794334276325586,2114.8710924911375
6.16,EQUATORIAL GO,sem cliente,Campo Belo,1012.24,977.62,1049.0900000000001,1058.87,1058.0900000000001,985.63,1098.96,1241.15,1122.6,1139.2,987.5600000000001,1072.01,12803.02,,12924.6,13246,0.009496196991022332,2078.412337662338
3.366,ENEL CE,TELMO,Sertão 01,555.31,535.52,567.8,525.32,586.82,562.37,624.17,697.94,697.4,634.31,684.07,655.76,7326.789999999999,,7451.4800000000005,7627.38,0.017018366842778576,2176.705288175876
3.342,ENEL CE,TELMO,Sertão 02,594.33,546.2,539.94,478.47,580.59,527.66,611.3,666.43,698.07,730.68,681.42,658.46,7313.550000000001,,7319.07,7516.540000000001,0.0007547634185858243,2188.3752244165175
3.22,ENEL CE,NEXUS,Sertão 06,516.88,500.78,556.26,512.44,568.93,537.17,590.59,633.55,620.49,689.91,619.78,483.83,6830.61,,7140.099999999999,7140.099999999999,0.045309276916702945,2121.3074534161487
3.22,ENEL CE,NOVASOL,Sertão 07,517.48,502.37,482,513.38,570.6,539.82,593.9,634.88,666.29,691.92,580.98,537.03,6830.650000000001,,7097.199999999999,7097.199999999999,0.039022640597893066,2121.3198757763976
3.19,ENEL CE,NEXUS,Sertão 09,484.26,449.97,505.96,474.67,479.76,494.81,566.56,646.37,606.41,629.86,564.17,522.12,6424.919999999999,,6633.099999999999,6633.099999999999,0.03240195986876104,2014.081504702194
1.22,ENEL CE,NOVASOL,Sertão 15,220.63,201.57,225.08,181,221.98,192.23,203.97,254.48,257.69,269.41,255.44,242.59,2726.07,,2720.87,2790.75,-0.0019075078776408239,2234.4836065573772
3.051,ENEL CE,SOLARA,Sertão 17,512.59,500.7,529.53,484.51,543,524.26,531.4,655.95,661.74,672.7,534.62,553.22,6704.22,,6915.200000000001,6915.200000000001,0.031469731005247414,2197.3844641101277
3.19,ENEL CE,NEXUS,Sertão 18,529.01,464.95,496.14,471.25,535.62,533.61,581.31,681.36,619.01,663.61,591.2,572.71,6739.78,,7105,7105,0.05418871239120571,2112.783699059561
3.31968,ENEL CE,NEXUS,Sertão 19,549.59,482.92,514.54,495.93,565.55,570.66,619.35,662.65,685.18,681.53,660.59,567.39,7055.88,,7280.4000000000015,7280.4000000000015,0.03182026905219493,2125.46992481203
3.19,ENEL CE,NEXUS,Sertão 22,536.79,506.08,551.81,472.4,508.83,491.48,584.28,668,662.74,679.13,642.81,592.05,6896.400000000001,,6887.659999999999,7140.300000000001,-0.0012673278812136424,2161.8808777429467
3.19,ENEL CE,SOLARA,Sertão 23,540.73,516.29,605.4,481.98,561.9,550.26,603.5,695.73,687.92,731.19,674.88,659.32,7309.100000000001,,7391.58,7597.120000000001,0.011284563078901355,2291.2539184952984
0.626,EMS,MINCO,Ventania I,105.88,109.34,120.94,113.72,105.37,89.61,99.21,121.11,114.6,118.18,107.05,116.84,1321.85,,1327.75,1364.148,0.004463441388962597,2111.5814696485622
1.128,EMS,NEXUS,Ventania II,189.47,194.28,214.77,202.63,189.07,171.58,181,217.01,204.19,181,203.55,207.27,2355.82,,2362.1,2432.1200000000003,0.002665738468982992,2088.492907801419
0.814,EMS,NEXUS,Ventania III,143.14,127.55,146.3,145.98,136.62,123.99,130.51,156.67,147.01,151.08,146.08,138.71,1693.6399999999999,,1699.7599999999998,1750.1699999999996,0.0036135188115538064,2080.6388206388206
3.758,EMS,NEXUS,Ventania IV,673.12,656.22,722.57,677.72,630.88,571.26,636.8,723.02,683.48,705.81,506.72,699.71,7887.3099999999995,,7897.109999999999,8138.29,0.0012425021965662975,2098.8052155401806
1.3286,COPEL,TELMO,Guaíra I,222.89,220.95,250.85,223.9,184.57,149.31,174.47,221.98,225.68,246.34,255.05,267.91,2643.9,,2695.08,2760.55,0.019357766935209186,1989.9894625922025
1.3286,COPEL,TELMO,Guaíra II,240.25,219.25,249.06,222.07,161.82,152.43,186.49,223.09,224.03,244.81,235.19,266.23,2624.72,,2687.9900000000007,2750.67,0.02410542838855223,1975.5532139093782
1.3286,COPEL,TELMO,Guaíra III,236.46,215.56,243.28,214.61,176.36,155.49,168.08,202.71,203.91,239.02,249.54,246.01,2551.0299999999997,,2603.06,2660.7099999999996,0.02039568331223074,1920.0888152942946
1.3286,COPEL,TELMO,Guaíra IV,240.91,219.67,233.08,202.15,179.29,147.77,182.54,218.35,207.76,243.6,254.17,265.75,2595.04,,2598.7799999999997,2671.32,0.001441210925457792,1953.213909378293
1.3286,COPEL,TELMO,Guaíra V,236.4,215.27,228.88,213.63,175.31,145.12,165.41,213.42,201.77,238.43,249.05,260.49,2543.1800000000003,,2580.7,2656.14,0.014753183022829575,1914.1803402077376
3.2,COPEL,NOVASOL,Rubi,580.53,551.56,540.41,494.83,430.16,405,453.81,542.34,546.16,591.3,648.55,626.06,6410.710000000001,,6480.9,6480.9,0.010948865258294083,2003.3468750000002
6.45,COELBA,SOLARA,Estrela,1221.4399999999998,1082.23,1170.71,945.01,854.2,765.23,841.54,969.19,1006.5500000000001,1136.45,1103.61,1168.63,12264.79,,12695,12695,0.035076833765600446,1901.5178294573643
3.056,Elektro SP,VERTA,Peroba 1,597.57,563.52,607.44,535.39,386.09,397.35,451.56,543.62,549.07,570.56,583.76,655.3,6441.2300000000005,,6482.08,6641.58,0.006341956427576623,2107.732329842932
1.526,Elektro SP,TELCO,Peroba 2,295.81,241.64,303.65,267.52,223.23,198.45,225.56,271.63,274.49,297.77,315.71,277.51,3192.9699999999993,,3236.46,3324.18,0.013620547640598168,2092.3787680209693
1.691,Elektro SP,TELCO,Peroba 3,305.75,287.19,311.49,277.32,234.99,196.45,223.08,285.36,285.58,283.87,309.61,336.35,3337.04,,3330.1,3419.9,-0.0020796873876249844,1973.412182140745
6.22,COPEL,NOVASOL,Aliança,1190.7,1103.7,1086.7,968.95,792.23,786.82,884.76,1064.1,1097.4,1186,1246.7,1242.4,12650.460000000001,,13041,13041,0.030871604668921027,2033.8360128617367
6.102,COPEL,VERTA,Tucano,1149.3,958.92,1139.4,1045.1,870.6,776.96,871.89,998.44,1036.9,1135.8,1207.4,1138.8,12329.509999999998,,12409.9,12885.09,0.006520129348206227,2020.5686660111435
1.31875,COPEL,TELMO,Planalto I,249.9,224.29,224.96,225.7,195.27,172.01,193.67,236.31,232.1,253,261.9,249.73,2718.84,,2658.9900000000002,2762.33,-0.02201306439510964,2061.6796208530805
1.365,COPEL,NEXUS,Planalto II,224.27,239.41,253.61,220.99,189.28,166.8,190.29,210.31,222.46,244.67,239.9,271.02,2673.0099999999998,,2722.24,2786.62,0.01841743951575192,1958.249084249084
1.31875,COPEL,TELMO,Planalto III,228.51,234.14,233.21,212.25,179.62,157.99,180.44,214.44,210.31,238.46,237.05,264.63,2591.05,,2582.6100000000006,2670.6899999999996,-0.003257366704617626,1964.777251184834
1.31875,COPEL,TELMO,Planalto IV,240.36,218.49,246.53,212.89,179.75,157.75,160.64,202.75,215.44,238.83,253.39,264.6,2591.4199999999996,,2573.8599999999997,2672.2400000000002,-0.006776207639055065,1965.057819905213
1.31875,COPEL,TELMO,Planalto V,219.47,235.82,233.63,211.5,178.41,156.75,166.92,214.54,196.24,239.23,253.2,265.42,2571.1299999999997,,2568.11,2665.54,-0.0011745808263290414,1949.6720379146916
1.935,CELPE,NOVASOL,Frevo 082,329.52,315.99,328.35,329.59,333.04,325.69,357.31,418.4,392.97,432.53,370.17,348.45,4282.01,,4421.3,4421.3,0.032529115999262004,2212.9250645994834
1.29,CELPE,NEXUS,Frevo 101,233.8,218.85,244.2,211.39,180.34,172,176.73,210.54,216.1,253.11,248.03,243,2608.09,,2674.5,2674.5,0.025463078344688972,2021.7751937984497
1.29,CELPE,NOVASOL,Frevo 102,241.84,205.54,245.36,213.2,201.2,175.38,189.95,200.86,206.78,242.45,249.09,243.8,2615.4500000000003,,2694.1,2694.1,0.030071307040853146,2027.4806201550389
6.102,COPEL,VERTA,Pantanal,1079,937.15,1141.6,1012.2,837.15,785.01,820.94,1061.9,1067.4,1140.5,1199.5,1219.6,12301.949999999999,,12478.81,12958.16,0.014376582574307406,2016.0521140609633
6.102,COPEL,VERTA,Alvorada,1154.6,1029.8,1161.6,1030.4,852.85,758.46,870.14,978.05,1048.1,1155.7,1183.8,1032.5,12256,,12367.52,12906.92,0.009099216710182878,2008.5217961324156
3.2,CEEE,HIDRUS,Coqueiro 1,679.1,597.6,561.03,439.8,314.67,269.7,294.71,382.24,427.24,558.47,654.18,717.33,5896.070000000001,,6055.1,6055.1,0.026972203518614846,1842.5218750000001
3.08,EMS,NEXUS,Cachoeira,559.7,501.15,512.75,522.79,486.88,441.74,471.12,561.92,542.66,567.37,571.78,578.72,6318.58,,6353.52,6535.450000000001,0.0055297234505222725,2051.487012987013
3.298,EMS,TELMO,Horizonte I,574.61,556.55,594.47,528.52,512.49,472.66,496.38,604.11,584.61,584.33,572.83,619.11,6700.669999999998,,6675.910000000001,6920.800000000001,-0.0036951528727720007,2031.7374166161305
1.608,EMS,TELMO,Horizonte II,286.48,278.12,278.81,264.29,254.26,235.67,243.77,302.15,292.43,281.09,300.9,306.03,3324,,3316.5499999999997,3436.7299999999996,-0.002241275571600587,2067.1641791044776
1.179,EMS,LOGIX,Horizonte III,188.59,182.82,212.16,194.41,190.93,177.06,192.51,224.18,213.12,217.67,202.62,214.39,2410.4599999999996,,2402.5400000000004,2490.1,-0.003285679911717798,2044.4953350296857
6.102,EQUATORIAL GO,SOLARA,Jatobá 1,1073.9,995.9200000000001,1068.8200000000002,1072.24,1113.6899999999998,1051.89,1173.04,1284.73,1199.77,1183,1104.5900000000001,1063.42,13385.01,,13531.15,13929,0.010918183848947383,2193.5447394296953
6.098,EQUATORIAL GO,SOLARA,Jatobá 2,1055.17,1017.8900000000001,1132.57,1074.3999999999999,1059.2,1006.8799999999999,1135.9,1234.6899999999998,1156.6999999999998,1176.67,1093.56,1142.07,13285.7,,13369.529999999999,13781,0.0063097917309586915,2178.69793374877
6.216,EQUATORIAL GO,VERTA,Jatobá 6,859.55,775.6600000000001,847.01,819.8499999999999,812.65,779.58,856.12,962.1,914.98,874.86,827.6500000000001,887.12,10217.130000000001,,12870.619999999999,13371,0.25970991853876746,1643.6824324324325
1.244,EQUATORIAL GO,MINCO,Jatobá 71,210.62,197.24,216.63,215.41,199.77,201.78,222.35,248.56,219.02,221.93,203.08,193.74,2550.13,,2671.27,2671.2654249733764,0.04750346060789057,2049.943729903537
1.244,EQUATORIAL GO,ENERVA,Jatobá 72,218.63,204.7,226.6,228.11,214.22,217.27,238.71,264.46,229.16,229,211.26,199.8,2681.92,,2678.81,2678.8054870828646,-0.001159616990812573,2155.8842443729905
1.244,EQUATORIAL GO,NOVASOL,Jatobá 73,208.69,195.83,216.38,216.83,202.99,206.09,226.61,251.44,219.63,220.65,201.13,191.65,2557.9200000000005,,2676.82,2676.8212602119465,0.046483080002501787,2056.205787781351
1.244,EQUATORIAL GO,ENERVA,Jatobá 74,210.6,196.83,215.43,212.99,196.85,198.52,218.98,245.01,217.67,221.46,203.13,193.86,2531.3300000000004,,2652.0300000000007,2652.0184243254716,0.047682443616597014,2034.8311897106112
1.244,EQUATORIAL GO,NEXUS,Jatobá 75,210.71,196.68,214.96,211.93,195.17,196.71,217.15,243.76,217.33,220.94,202.85,193.63,2521.82,,2642.9800000000005,2642.9901920627944,0.048044666153809645,2027.1864951768491
1.232,CPFL Pta,VERTA,Araucária 03,224.91,182.59,227.61,216.35,195.19,176.49,197.19,226.67,227.19,232.79,200.95,229.93,2537.86,,2549.86,2618.77,0.004728393213179638,2059.951298701299
1.3053333333333332,CPFL Pta,VERTA,Araucária 061,246.76,232.44,241.38,234.15,212.83,179.82,202.04,247.54,245.28,264.19,242.55,260.57,2809.55,,2851.766666666667,2851.766666666667,0.015026131112337193,2152.3621041879474
1.3053333333333332,CPFL Pta,VERTA,Araucária 062,246.97,232.55,241.54,234.41,212.96,180.18,202.12,247.66,245.45,264.28,242.78,260.84,2811.7400000000002,,2851.766666666667,2851.766666666667,0.014235550465785174,2154.0398365679266
1.3053333333333332,CPFL Pta,VERTA,Araucária 063,247.53,233.42,243.24,236.68,215.91,182.5,204.08,250.28,246.78,265.39,244.02,261.93,2831.7599999999998,,2851.766666666667,2851.766666666667,0.007065099678880582,2169.376915219612
6.102,CPFL Pta,NEXUS,Araucária 07,1130.4,985.22,1162.2,1076.5,928.33,881.85,974.96,1150.4,1143,1225.9,1157.3,1122.2,12938.26,,13013.07,13414.98,0.005782075796900044,2120.3310390036054
1.3040999999999998,CPFL Pta,VERTA,Araucária 22,239.64,225.87,248.96,230.63,211.21,178.83,196.6,221.35,231.1,258.9,250.2,254.89,2748.1799999999994,,2832.6,2832.6,0.030718511887867894,2107.338394294916
1.2205,CPFL Pta,VERTA,Araucária 81,235.13,226.78,227.68,216.45,201.74,185.58,203.84,187.67,231.9,250.82,245.34,249.6,2662.53,,2689.9399999999996,2754.17,0.010294719683909381,2181.507578861123
1.2205,CPFL Pta,VERTA,Araucária 82,234.82,226.78,221.07,217.05,202.65,186.65,204.9,207.7,232.63,250.92,244.92,235.69,2665.7800000000007,,2693.92,2759.3600000000006,0.010556009873282646,2184.1704219582143
0.561,COSERN,TELCO,Litoral 01,99.85,91.71,100.53,97.47,96.1,93.49,97.38,104.69,95.25,120.22,110.7,103.57,1210.96,,1221.546,1256.402,0.008741824668031972,2158.573975044563
0.559,COSERN,LOGIX,Litoral 02,90.03,93.99,88.18,99.84,105.97,97.28,100.53,113.98,111.97,121.41,112.74,106.49,1242.4099999999999,,1264.9519999999998,1295.254,0.01814376896515646,2222.558139534883
1.288,COSERN,DISTRA,Litoral 10,230.155,227.559,246.794,214.788,222.048,194.221,213.416,252.765,255.302,267.776,266.662,250.581,2842.067,,2926.8999999999996,2926.8999999999996,0.029849050004802757,2206.573757763975
1.288,COSERN,NEXUS,Litoral 12,218.57,223.32,233.8,238.12,255.73,229.06,237.57,271.7,270.01,274.71,259.7,252.58,2964.87,,2972.22,3030.5699999999997,0.0024790294346801467,2301.917701863354
1.288,COSERN,NOVASOL,Litoral 15,238.94,221.28,257.29,222.89,243.08,219.85,231.21,255.45,272.42,267.2,263.3,232.9,2925.81,,2997.7000000000003,2997.7000000000003,0.02457097350819093,2271.591614906832
3.445,ESS,TELMO,Guará I,619.95,589.53,603.54,567.06,492.7,418.84,499.28,592.11,580.15,620.13,575.38,665.69,6824.359999999999,,6859.58,7010.26,0.005160923515172389,1980.9462989840345
1.691,ESS,TELMO,Guará II,306.81,273.3,285.9,274.47,235.64,214.02,238.45,284.52,262.95,286.57,318.07,328.46,3309.16,,3326.7799999999997,3418.7599999999998,0.005324614101463787,1956.92489651094
1.64,ESS,BANCOR,Guará III,307.91,291.44,305.51,254.21,235.28,202.26,238.33,284.84,259.43,305.03,319.02,308.64,3311.8999999999996,,3329.3999999999996,3421.3300000000004,0.005283975965457932,2019.451219512195
6.22,COPEL,BANCOR,Palmares,1075.5,1037.6,1123.2,990.98,826.08,722.74,802.36,1033,1057.3,1151.6,1224.2,1278.5,12323.060000000001,,12781,12781,0.03716122456597626,1981.1993569131835
1.868,ERO,TELMO,Cerrado I,280.49,232.42,286.77,280.51,274.57,306.41,338.04,312.77,291.85,312.69,289.03,257.43,3462.98,,3608.97,3703.7699999999995,0.04215733270189248,1853.8436830835117
0.993,ERO,TELCO,Cerrado II,146.24,139.59,149.9,156.65,160.57,157.68,184.69,183.04,160.71,173.58,161.63,142.1,1916.38,,1884.51,1929.2199999999998,-0.016630313403396046,1929.8892245720042
6.791,CEEE,TELMO,Bandeirante 1,1250.8,1180.1,1187.1,914.56,681.49,609.33,671.31,880.9,878.63,1142.4,1341.3,1401.3,12139.219999999996,,12060.419999999998,12476.800000000001,-0.006491356116784863,1787.5452805183324
3.394,EDP SP,TELMO,Serra Azul 03,583.14,509.93,545.1,527.26,471.15,405.68,466.93,559.55,535.95,562.94,547.64,523.8,6239.07,,6277.97,6498.62,0.006234903599414698,1838.2645845609898
3.416,EDP SP,TELMO,Serra Azul 04,507.27,490.26,526.25,469.8,434.77,433.16,436.41,535.25,492.68,489.35,456.11,505.96,5777.2699999999995,,5810.110000000001,6007.990000000001,0.005684345720383677,1691.2382903981263
1.845,EDP SP,TELCO,Serra Azul 06,285.27,273.79,299.26,275.03,243.46,220.7,227.43,295.25,291.83,296.73,293.1,289.79,3291.64,,3314.3900000000003,3421.6,0.0069114483965440066,1784.0867208672087
1.833,EDP SP,TELMO,Serra Azul 07,298.39,326.74,328.43,274.42,263.84,239.85,244.68,310.7,302.26,315.39,312.7,343.77,3561.169999999999,,3602.3900000000003,3701.2400000000002,0.011574847592224158,1942.8096017457715
2.175,EDP SP,BANCOR,Serra Azul 12,331.39,341.69,352.8,316.29,302.87,284.14,283.7,341.62,335.03,334.07,331.18,343.18,3897.9599999999996,,3919.2230000000004,4025.73,0.0054549046167742254,1792.1655172413793
3.356,EDP SP,TELMO,Serra Azul 13,445.5,446.5,476.68,369.29,434.78,410.95,451.55,500.54,466.78,447.24,421.15,460.9,5331.859999999999,,5364.6,5550.799999999999,0.0061404462982901364,1588.7544696066743
2.441,EDP SP,BANCOR,Serra Azul 26,435.7,434.39,438.2,392.15,328.57,295.86,342.53,409.03,399.77,365.65,418.83,458.46,4719.139999999999,,4749.45,4863.07,0.006422780421856622,1933.281442031954
3.724,CPFL Jaguari /Sta Cruz,TELMO,Aroeira 1,618.35,573.62,621.42,577.28,495.45,405.03,472.04,599.89,588.31,610.63,643.48,643.07,6848.57,,6933.6,7116.24,0.012415730583172913,1839.0359828141782
0.621,CPFL Jaguari /Sta Cruz,LOGIX,Aroeira 2,107.03,102.17,107.03,98.12,82.18,72.02,78.28,100.65,84.7,112.99,111.61,103.58,1160.36,,1168.8790000000001,1204.6460000000002,0.007341687062635938,1868.5346215780996
1.399,ENEL SP,TELMO,Jacarandá 01,192.35,177.92,184.43,187.87,165.14,159.56,177.12,201.99,190.73,193.8,184.04,201.7,2216.6499999999996,,2307.1000000000004,2307.1000000000004,0.0408048180813394,1584.4531808434592
3.35016,ENEL SP,TELMO,Jacarandá 02,432.47,444.43,469.92,455.84,374.85,378.35,380.28,481.69,457.12,456.78,444.46,471.24,5247.43,,5342.9,5342.9,0.01819366813849821,1566.3222055066028
2.238,ENEL SP,TELMO,Jacarandá 18,219.8,191.09,233.5,217.36,200.44,188.69,208.75,224.32,195.01,212,213.33,227.81,2532.1,,2614.2999999999997,2614.2999999999997,0.0324631728604714,1131.4119749776587
5.15,COELBA,PETRAX,Tapir 14,1000.71,870.17,977.5799999999999,833.4100000000001,645.86,677.11,734.71,830.64,914.4399999999999,935.81,980.48,992.21,10393.129999999997,,10360.500000000002,10360.500000000002,-0.003139573930086126,2018.0834951456304
,,,,43644.354999999974,40838.318999999996,44067.034,40244.78800000002,37474.018,35204.221000000005,38660.776,45040.89499999998,44170.08200000001,46579.056000000004,45498.19199999999,45775.910999999986,507197.6470000001,,,527902.1607886562,-0.03922036189002276
